url,source_url,depth,discovered_at,created_at
https://en.wikipedia.org/wiki/Freedom_of_Information_Act_(United_States),,0,2026-10-09 06:41:11.457263,2026-10-09 06:41:11.459563
https://en.wikipedia.org/wiki/111th_Congress,https://en.wikipedia.org/wiki/Freedom_of_Information_Act_(United_States),1,2026-10-09 06:41:11.833156,2026-10-09 06:41:12.050231
https://en.wikipedia.org/wiki/89th_United_States_Congress,https://en.wikipedia.org/wiki/Freedom_of_Information_Act_(United_States),1,2026-10-09 06:41:11.801783,2026-10-09 06:41:11.882823
https://en.wikipedia.org/wiki/Abbott_Laboratories_v._Gardner,https://en.wikipedia.org/wiki/Freedom_of_Information_Act_(United_States),1,2026-10-09 06:41:11.816416,2026-10-09 06:41:11.975475
https://en.wikipedia.org/wiki/ACLU,https://en.wikipedia.org/wiki/Freedom_of_Information_Act_(United_States),1,2026-10-09 06:41:11.824738,2026-10-09 06:41:12.01372
https://en.wikipedia.org/wiki/Acronym,https://en.wikipedia.org/wiki/Freedom_of_Information_Act_(United_States),1,2026-10-09 06:41:11.837076,2026-10-09 06:41:12.073341
https://en.wikipedia.org/wiki/Act_of_Congress,https://en.wikipedia.org/wiki/Freedom_of_Information_Act_(United_States),1,2026-10-09 06:41:11.833572,2026-10-09 06:41:12.052361
https://en.wikipedia.org/wiki/Adjudication,https://en.wikipedia.org/wiki/Freedom_of_Information_Act_(United_States),1,2026-10-09 06:41:11.795487,2026-10-09 06:41:11.817146
https://en.wikipedia.org/wiki/Administrative_Conference_of_the_United_States,https://en.wikipedia.org/wiki/Freedom_of_Information_Act_(United_States),1,2026-10-09 06:41:11.826112,2026-10-09 06:41:12.019384
https://en.wikipedia.org/wiki/Administrative_law,https://en.wikipedia.org/wiki/Freedom_of_Information_Act_(United_States),1,2026-10-09 06:41:11.819372,2026-10-09 06:41:11.987401
https://en.wikipedia.org/wiki/Administrative_law_judge,https://en.wikipedia.org/wiki/Freedom_of_Information_Act_(United_States),1,2026-10-09 06:41:11.831971,2026-10-09 06:41:12.045867
https://en.wikipedia.org/wiki/Administrative_Procedure_Act,https://en.wikipedia.org/wiki/Freedom_of_Information_Act_(United_States),1,2026-10-09 06:41:11.800618,2026-10-09 06:41:11.872728
https://en.wikipedia.org/wiki/Administrative_Procedure_Act_(United_States),https://en.wikipedia.org/wiki/Freedom_of_Information_Act_(United_States),1,2026-10-09 06:41:11.810001,2026-10-09 06:41:11.941996
"https://en.wikipedia.org/wiki/Administrator,_Federal_Aviation_Administration_v._Robertson?action=edit&redlink=1",https://en.wikipedia.org/wiki/Freedom_of_Information_Act_(United_States),1,2026-10-09 06:41:11.796783,2026-10-09 06:41:11.834601
https://en.wikipedia.org/wiki/Alberto_R._Gonzales,https://en.wikipedia.org/wiki/Freedom_of_Information_Act_(United_States),1,2026-10-09 06:41:11.832627,2026-10-09 06:41:12.048065
https://en.wikipedia.org/wiki/Anti-Drug_Abuse_Act_of_1986,https://en.wikipedia.org/wiki/Freedom_of_Information_Act_(United_States),1,2026-10-09 06:41:11.83081,2026-10-09 06:41:12.041599
https://en.wikipedia.org/wiki/Antonin_Scalia,https://en.wikipedia.org/wiki/Freedom_of_Information_Act_(United_States),1,2026-10-09 06:41:11.799824,2026-10-09 06:41:11.866312
https://en.wikipedia.org/wiki/Appointments_Clause,https://en.wikipedia.org/wiki/Freedom_of_Information_Act_(United_States),1,2026-10-09 06:41:11.807284,2026-10-09 06:41:11.924221
https://en.wikipedia.org/wiki/Appropriations_bill_(United_States),https://en.wikipedia.org/wiki/Freedom_of_Information_Act_(United_States),1,2026-10-09 06:41:11.804216,2026-10-09 06:41:11.906102
https://en.wikipedia.org/wiki/Associated_Press,https://en.wikipedia.org/wiki/Freedom_of_Information_Act_(United_States),1,2026-10-09 06:41:11.808203,2026-10-09 06:41:11.927582
https://en.wikipedia.org/wiki/Athan_G._Theoharis,https://en.wikipedia.org/wiki/Freedom_of_Information_Act_(United_States),1,2026-10-09 06:41:11.814557,2026-10-09 06:41:11.968164
https://en.wikipedia.org/wiki/Athan_Theoharis,https://en.wikipedia.org/wiki/Freedom_of_Information_Act_(United_States),1,2026-10-09 06:41:11.831583,2026-10-09 06:41:12.043672
https://en.wikipedia.org/wiki/Auer_v._Robbins,https://en.wikipedia.org/wiki/Freedom_of_Information_Act_(United_States),1,2026-10-09 06:41:11.807132,2026-10-09 06:41:11.923923
https://en.wikipedia.org/wiki/Authorization_bill,https://en.wikipedia.org/wiki/Freedom_of_Information_Act_(United_States),1,2026-10-09 06:41:11.834109,2026-10-09 06:41:12.054402
https://en.wikipedia.org/wiki/Baldrige_v._Shapiro?action=edit&redlink=1,https://en.wikipedia.org/wiki/Freedom_of_Information_Act_(United_States),1,2026-10-09 06:41:11.82954,2026-10-09 06:41:12.035902
"https://en.wikipedia.org/wiki/Baltimore_Gas_&_Electric_Co._v._Natural_Resources_Defense_Council,_Inc.",https://en.wikipedia.org/wiki/Freedom_of_Information_Act_(United_States),1,2026-10-09 06:41:11.809894,2026-10-09 06:41:11.941807
https://en.wikipedia.org/wiki/Bank_regulation_in_the_United_States,https://en.wikipedia.org/wiki/Freedom_of_Information_Act_(United_States),1,2026-10-09 06:41:11.805344,2026-10-09 06:41:11.911745
https://en.wikipedia.org/wiki/Barack_Obama,https://en.wikipedia.org/wiki/Freedom_of_Information_Act_(United_States),1,2026-10-09 06:41:11.827448,2026-10-09 06:41:12.024917
https://en.wikipedia.org/wiki/Bates_College,https://en.wikipedia.org/wiki/Freedom_of_Information_Act_(United_States),1,2026-10-09 06:41:11.828721,2026-10-09 06:41:12.032814
"https://en.wikipedia.org/wiki/Bibles,_Oregon_Director,_Bureau_of_Land_Management_v._Oregon_Natural_Desert_Association?action=edit&redlink=1",https://en.wikipedia.org/wiki/Freedom_of_Information_Act_(United_States),1,2026-10-09 06:41:11.806477,2026-10-09 06:41:11.920509
https://en.wikipedia.org/wiki/Bill_Clinton,https://en.wikipedia.org/wiki/Freedom_of_Information_Act_(United_States),1,2026-10-09 06:41:11.824406,2026-10-09 06:41:12.013651
https://en.wikipedia.org/wiki/Bi-Metallic_Investment_Co._v._State_Board_of_Equalization,https://en.wikipedia.org/wiki/Freedom_of_Information_Act_(United_States),1,2026-10-09 06:41:11.825976,2026-10-09 06:41:12.018138
https://en.wikipedia.org/wiki/Board_of_Regents_of_State_Colleges_v._Roth,https://en.wikipedia.org/wiki/Freedom_of_Information_Act_(United_States),1,2026-10-09 06:41:11.799573,2026-10-09 06:41:11.865069
https://en.wikipedia.org/wiki/Bowen_v._Georgetown_University_Hospital,https://en.wikipedia.org/wiki/Freedom_of_Information_Act_(United_States),1,2026-10-09 06:41:11.804557,2026-10-09 06:41:11.906145
https://en.wikipedia.org/wiki/Brady_v._Maryland,https://en.wikipedia.org/wiki/Freedom_of_Information_Act_(United_States),1,2026-10-09 06:41:11.810432,2026-10-09 06:41:11.944233
https://en.wikipedia.org/wiki/Breach_of_privacy,https://en.wikipedia.org/wiki/Freedom_of_Information_Act_(United_States),1,2026-10-09 06:41:11.799064,2026-10-09 06:41:11.862728
https://en.wikipedia.org/wiki/Bureau_of_Intelligence_and_Research,https://en.wikipedia.org/wiki/Freedom_of_Information_Act_(United_States),1,2026-10-09 06:41:11.836368,2026-10-09 06:41:12.067466
https://en.wikipedia.org/wiki/Califano_v._Yamasaki,https://en.wikipedia.org/wiki/Freedom_of_Information_Act_(United_States),1,2026-10-09 06:41:11.791455,2026-10-09 06:41:11.792331
https://en.wikipedia.org/wiki/California,https://en.wikipedia.org/wiki/Freedom_of_Information_Act_(United_States),1,2026-10-09 06:41:11.819174,2026-10-09 06:41:11.98735
https://en.wikipedia.org/wiki/Center_for_Effective_Government,https://en.wikipedia.org/wiki/Freedom_of_Information_Act_(United_States),1,2026-10-09 06:41:11.809765,2026-10-09 06:41:11.940863
https://en.wikipedia.org/wiki/Centers_for_Disease_Control_and_Prevention,https://en.wikipedia.org/wiki/Freedom_of_Information_Act_(United_States),1,2026-10-09 06:41:11.795407,2026-10-09 06:41:11.817181
https://en.wikipedia.org/wiki/Central_Intelligence_Agency,https://en.wikipedia.org/wiki/Freedom_of_Information_Act_(United_States),1,2026-10-09 06:41:11.818351,2026-10-09 06:41:11.984034
https://en.wikipedia.org/wiki/Central_Intelligence_Agency_v._Sims,https://en.wikipedia.org/wiki/Freedom_of_Information_Act_(United_States),1,2026-10-09 06:41:11.827605,2026-10-09 06:41:12.024968
"https://en.wikipedia.org/wiki/Chevron_U.S.A.,_Inc._v._Natural_Resources_Defense_Council,_Inc.",https://en.wikipedia.org/wiki/Freedom_of_Information_Act_(United_States),1,2026-10-09 06:41:11.808829,2026-10-09 06:41:11.933754
"https://en.wikipedia.org/wiki/Chicago,_Milwaukee_&_St._Paul_Railway_Co._v._Minnesota",https://en.wikipedia.org/wiki/Freedom_of_Information_Act_(United_States),1,2026-10-09 06:41:11.792126,2026-10-09 06:41:11.796779
https://en.wikipedia.org/wiki/Christensen_v._Harris_County,https://en.wikipedia.org/wiki/Freedom_of_Information_Act_(United_States),1,2026-10-09 06:41:11.798405,2026-10-09 06:41:11.847829
https://en.wikipedia.org/wiki/Chrysler_Corp._v._Brown?action=edit&redlink=1,https://en.wikipedia.org/wiki/Freedom_of_Information_Act_(United_States),1,2026-10-09 06:41:11.817901,2026-10-09 06:41:11.982925
https://en.wikipedia.org/wiki/Church_of_Scientology_v._Internal_Revenue_Service?action=edit&redlink=1,https://en.wikipedia.org/wiki/Freedom_of_Information_Act_(United_States),1,2026-10-09 06:41:11.791836,2026-10-09 06:41:11.796874
https://en.wikipedia.org/wiki/CIA,https://en.wikipedia.org/wiki/Freedom_of_Information_Act_(United_States),1,2026-10-09 06:41:11.816788,2026-10-09 06:41:11.977958
https://en.wikipedia.org/wiki/Citizens_to_Preserve_Overton_Park_v._Volpe,https://en.wikipedia.org/wiki/Freedom_of_Information_Act_(United_States),1,2026-10-09 06:41:11.825479,2026-10-09 06:41:12.017007
https://en.wikipedia.org/wiki/Coast_Guard_Intelligence,https://en.wikipedia.org/wiki/Freedom_of_Information_Act_(United_States),1,2026-10-09 06:41:11.836885,2026-10-09 06:41:12.073178
https://en.wikipedia.org/wiki/Code_of_Federal_Regulations,https://en.wikipedia.org/wiki/Freedom_of_Information_Act_(United_States),1,2026-10-09 06:41:11.79995,2026-10-09 06:41:11.866326
https://en.wikipedia.org/wiki/Cold_War,https://en.wikipedia.org/wiki/Freedom_of_Information_Act_(United_States),1,2026-10-09 06:41:11.811549,2026-10-09 06:41:11.952425
https://en.wikipedia.org/wiki/Commission_on_Protecting_and_Reducing_Government_Secrecy,https://en.wikipedia.org/wiki/Freedom_of_Information_Act_(United_States),1,2026-10-09 06:41:11.817522,2026-10-09 06:41:11.980859
https://en.wikipedia.org/wiki/Commodity_Futures_Trading_Commission_v._Schor,https://en.wikipedia.org/wiki/Freedom_of_Information_Act_(United_States),1,2026-10-09 06:41:11.806285,2026-10-09 06:41:11.920465
https://en.wikipedia.org/wiki/Communications_Act_of_1934,https://en.wikipedia.org/wiki/Freedom_of_Information_Act_(United_States),1,2026-10-09 06:41:11.794781,2026-10-09 06:41:11.811294
https://en.wikipedia.org/wiki/Congressional_oversight,https://en.wikipedia.org/wiki/Freedom_of_Information_Act_(United_States),1,2026-10-09 06:41:11.817384,2026-10-09 06:41:11.980834
https://en.wikipedia.org/wiki/Congressional_Research_Service,https://en.wikipedia.org/wiki/Freedom_of_Information_Act_(United_States),1,2026-10-09 06:41:11.834936,2026-10-09 06:41:12.057826
https://en.wikipedia.org/wiki/Congressional_Review_Act,https://en.wikipedia.org/wiki/Freedom_of_Information_Act_(United_States),1,2026-10-09 06:41:11.83624,2026-10-09 06:41:12.067466
https://en.wikipedia.org/wiki/Constitutional_law_of_the_United_States,https://en.wikipedia.org/wiki/Freedom_of_Information_Act_(United_States),1,2026-10-09 06:41:11.836496,2026-10-09 06:41:12.067449
https://en.wikipedia.org/wiki/Consumer_Financial_Protection_Bureau,https://en.wikipedia.org/wiki/Freedom_of_Information_Act_(United_States),1,2026-10-09 06:41:11.798659,2026-10-09 06:41:11.858009
"https://en.wikipedia.org/wiki/Consumer_Product_Safety_Commission_v._GTE_Sylvania,_Inc.?action=edit&redlink=1",https://en.wikipedia.org/wiki/Freedom_of_Information_Act_(United_States),1,2026-10-09 06:41:11.811986,2026-10-09 06:41:11.95354
"https://en.wikipedia.org/wiki/Corner_Post,_Inc._v._Board_of_Governors_of_the_Federal_Reserve_System",https://en.wikipedia.org/wiki/Freedom_of_Information_Act_(United_States),1,2026-10-09 06:41:11.814179,2026-10-09 06:41:11.965909
https://en.wikipedia.org/wiki/Cost–benefit_analysis,https://en.wikipedia.org/wiki/Freedom_of_Information_Act_(United_States),1,2026-10-09 06:41:11.79803,2026-10-09 06:41:11.84638
https://en.wikipedia.org/wiki/Declassified,https://en.wikipedia.org/wiki/Freedom_of_Information_Act_(United_States),1,2026-10-09 06:41:11.832098,2026-10-09 06:41:12.045857
https://en.wikipedia.org/wiki/Defense_Intelligence_Agency,https://en.wikipedia.org/wiki/Freedom_of_Information_Act_(United_States),1,2026-10-09 06:41:11.81225,2026-10-09 06:41:11.954589
https://en.wikipedia.org/wiki/Democratic_Party_(United_States),https://en.wikipedia.org/wiki/Freedom_of_Information_Act_(United_States),1,2026-10-09 06:41:11.828591,2026-10-09 06:41:12.03275
https://en.wikipedia.org/wiki/Department_of_Air_Force_v._Rose?action=edit&redlink=1,https://en.wikipedia.org/wiki/Freedom_of_Information_Act_(United_States),1,2026-10-09 06:41:11.806611,2026-10-09 06:41:11.920501
https://en.wikipedia.org/wiki/Department_of_Health_and_Human_Services,https://en.wikipedia.org/wiki/Freedom_of_Information_Act_(United_States),1,2026-10-09 06:41:11.81524,2026-10-09 06:41:11.970439
https://en.wikipedia.org/wiki/Department_of_Homeland_Security,https://en.wikipedia.org/wiki/Freedom_of_Information_Act_(United_States),1,2026-10-09 06:41:11.819524,2026-10-09 06:41:11.98738
https://en.wikipedia.org/wiki/Department_of_Interior_v._Klamath_Water_Users_Protective_Assn.,https://en.wikipedia.org/wiki/Freedom_of_Information_Act_(United_States),1,2026-10-09 06:41:11.809334,2026-10-09 06:41:11.935852
https://en.wikipedia.org/wiki/Department_of_Justice_v._Julian?action=edit&redlink=1,https://en.wikipedia.org/wiki/Freedom_of_Information_Act_(United_States),1,2026-10-09 06:41:11.795567,2026-10-09 06:41:11.817181
https://en.wikipedia.org/wiki/Department_of_Justice_v._Landano,https://en.wikipedia.org/wiki/Freedom_of_Information_Act_(United_States),1,2026-10-09 06:41:11.837998,2026-10-09 06:41:12.076434
https://en.wikipedia.org/wiki/Department_of_Justice_v._Provenzano?action=edit&redlink=1,https://en.wikipedia.org/wiki/Freedom_of_Information_Act_(United_States),1,2026-10-09 06:41:11.839728,2026-10-09 06:41:12.086545
https://en.wikipedia.org/wiki/Department_of_Justice_v._Reporters_Committee_for_Freedom_of_the_Press,https://en.wikipedia.org/wiki/Freedom_of_Information_Act_(United_States),1,2026-10-09 06:41:11.83747,2026-10-09 06:41:12.075348
https://en.wikipedia.org/wiki/Department_of_State,https://en.wikipedia.org/wiki/Freedom_of_Information_Act_(United_States),1,2026-10-09 06:41:11.791119,2026-10-09 06:41:11.792326
https://en.wikipedia.org/wiki/Department_of_transportation,https://en.wikipedia.org/wiki/Freedom_of_Information_Act_(United_States),1,2026-10-09 06:41:11.83542,2026-10-09 06:41:12.062792
https://en.wikipedia.org/wiki/Department_of_Transportation,https://en.wikipedia.org/wiki/Freedom_of_Information_Act_(United_States),1,2026-10-09 06:41:11.812653,2026-10-09 06:41:11.95685
https://en.wikipedia.org/wiki/Dick_Cheney,https://en.wikipedia.org/wiki/Freedom_of_Information_Act_(United_States),1,2026-10-09 06:41:11.798281,2026-10-09 06:41:11.847848
https://en.wikipedia.org/wiki/Dodd–Frank_Wall_Street_Reform_and_Consumer_Protection_Act,https://en.wikipedia.org/wiki/Freedom_of_Information_Act_(United_States),1,2026-10-09 06:41:11.836628,2026-10-09 06:41:12.072112
https://en.wikipedia.org/wiki/Doi_(identifier),https://en.wikipedia.org/wiki/Freedom_of_Information_Act_(United_States),1,2026-10-09 06:41:11.82351,2026-10-09 06:41:12.007355
https://en.wikipedia.org/wiki/Donald_Rumsfeld,https://en.wikipedia.org/wiki/Freedom_of_Information_Act_(United_States),1,2026-10-09 06:41:11.837763,2026-10-09 06:41:12.076382
https://en.wikipedia.org/wiki/Due_Process_Clause,https://en.wikipedia.org/wiki/Freedom_of_Information_Act_(United_States),1,2026-10-09 06:41:11.802999,2026-10-09 06:41:11.899709
https://en.wikipedia.org/wiki/Edict_of_government,https://en.wikipedia.org/wiki/Freedom_of_Information_Act_(United_States),1,2026-10-09 06:41:11.838584,2026-10-09 06:41:12.081893
https://en.wikipedia.org/wiki/Edward_V._Long,https://en.wikipedia.org/wiki/Freedom_of_Information_Act_(United_States),1,2026-10-09 06:41:11.810708,2026-10-09 06:41:11.945233
https://en.wikipedia.org/wiki/Emergency_Federal_Register,https://en.wikipedia.org/wiki/Freedom_of_Information_Act_(United_States),1,2026-10-09 06:41:11.809067,2026-10-09 06:41:11.93578
https://en.wikipedia.org/wiki/Equal_Employment_Opportunity_Commission,https://en.wikipedia.org/wiki/Freedom_of_Information_Act_(United_States),1,2026-10-09 06:41:11.791591,2026-10-09 06:41:11.792542
https://en.wikipedia.org/wiki/Eric_Holder,https://en.wikipedia.org/wiki/Freedom_of_Information_Act_(United_States),1,2026-10-09 06:41:11.797421,2026-10-09 06:41:11.837756
https://en.wikipedia.org/wiki/Executive_Office_for_Immigration_Review,https://en.wikipedia.org/wiki/Freedom_of_Information_Act_(United_States),1,2026-10-09 06:41:11.797652,2026-10-09 06:41:11.845197
https://en.wikipedia.org/wiki/Executive_Order_12866,https://en.wikipedia.org/wiki/Freedom_of_Information_Act_(United_States),1,2026-10-09 06:41:11.793962,2026-10-09 06:41:11.808183
https://en.wikipedia.org/wiki/Executive_Order_13233,https://en.wikipedia.org/wiki/Freedom_of_Information_Act_(United_States),1,2026-10-09 06:41:11.820232,2026-10-09 06:41:11.994668
https://en.wikipedia.org/wiki/Executive_Order_13526,https://en.wikipedia.org/wiki/Freedom_of_Information_Act_(United_States),1,2026-10-09 06:41:11.839883,2026-10-09 06:41:12.088468
https://en.wikipedia.org/wiki/Executive_order_(United_States),https://en.wikipedia.org/wiki/Freedom_of_Information_Act_(United_States),1,2026-10-09 06:41:11.805547,2026-10-09 06:41:11.912847
https://en.wikipedia.org/wiki/Exhaustion_of_remedies,https://en.wikipedia.org/wiki/Freedom_of_Information_Act_(United_States),1,2026-10-09 06:41:11.831331,2026-10-09 06:41:12.043626
https://en.wikipedia.org/wiki/FCC_v._AT&T_Inc.,https://en.wikipedia.org/wiki/Freedom_of_Information_Act_(United_States),1,2026-10-09 06:41:11.833705,2026-10-09 06:41:12.052404
https://en.wikipedia.org/wiki/FDA_v._Brown_&_Williamson_Tobacco_Corp.,https://en.wikipedia.org/wiki/Freedom_of_Information_Act_(United_States),1,2026-10-09 06:41:11.838288,2026-10-09 06:41:12.077562
https://en.wikipedia.org/wiki/Federal_Bureau_of_Investigation,https://en.wikipedia.org/wiki/Freedom_of_Information_Act_(United_States),1,2026-10-09 06:41:11.835859,2026-10-09 06:41:12.065252
https://en.wikipedia.org/wiki/Federal_Bureau_of_Investigation_v._Abramson?action=edit&redlink=1,https://en.wikipedia.org/wiki/Freedom_of_Information_Act_(United_States),1,2026-10-09 06:41:11.828849,2026-10-09 06:41:12.032813
https://en.wikipedia.org/wiki/Federal_Communications_Commission,https://en.wikipedia.org/wiki/Freedom_of_Information_Act_(United_States),1,2026-10-09 06:41:11.835981,2026-10-09 06:41:12.0653
https://en.wikipedia.org/wiki/Federal_Deposit_Insurance_Corporation,https://en.wikipedia.org/wiki/Freedom_of_Information_Act_(United_States),1,2026-10-09 06:41:11.833969,2026-10-09 06:41:12.054417
https://en.wikipedia.org/wiki/Federal_Energy_Regulatory_Commission,https://en.wikipedia.org/wiki/Freedom_of_Information_Act_(United_States),1,2026-10-09 06:41:11.793567,2026-10-09 06:41:11.805741
https://en.wikipedia.org/wiki/Federal_government_of_the_United_States,https://en.wikipedia.org/wiki/Freedom_of_Information_Act_(United_States),1,2026-10-09 06:41:11.803171,2026-10-09 06:41:11.900857
https://en.wikipedia.org/wiki/Federal_judiciary_of_the_United_States,https://en.wikipedia.org/wiki/Freedom_of_Information_Act_(United_States),1,2026-10-09 06:41:11.807936,2026-10-09 06:41:11.927522
https://en.wikipedia.org/wiki/Federal_Open_Market_Committee_of_Federal_Reserve_System_v._Merrill?action=edit&redlink=1,https://en.wikipedia.org/wiki/Freedom_of_Information_Act_(United_States),1,2026-10-09 06:41:11.792981,2026-10-09 06:41:11.802372
https://en.wikipedia.org/wiki/Federal_Records_Act,https://en.wikipedia.org/wiki/Freedom_of_Information_Act_(United_States),1,2026-10-09 06:41:11.835699,2026-10-09 06:41:12.065206
https://en.wikipedia.org/wiki/Federal_Register,https://en.wikipedia.org/wiki/Freedom_of_Information_Act_(United_States),1,2026-10-09 06:41:11.817083,2026-10-09 06:41:11.97969
https://en.wikipedia.org/wiki/Federal_Reserve_Board_of_Governors,https://en.wikipedia.org/wiki/Freedom_of_Information_Act_(United_States),1,2026-10-09 06:41:11.824563,2026-10-09 06:41:12.013674
https://en.wikipedia.org/wiki/Federal_Trade_Commission,https://en.wikipedia.org/wiki/Freedom_of_Information_Act_(United_States),1,2026-10-09 06:41:11.796287,2026-10-09 06:41:11.824922
https://en.wikipedia.org/wiki/Federal_Trade_Commission_v._Grolier_Inc.?action=edit&redlink=1,https://en.wikipedia.org/wiki/Freedom_of_Information_Act_(United_States),1,2026-10-09 06:41:11.793699,2026-10-09 06:41:11.80575
https://en.wikipedia.org/wiki/Federal_Vacancies_Reform_Act_of_1998,https://en.wikipedia.org/wiki/Freedom_of_Information_Act_(United_States),1,2026-10-09 06:41:11.807591,2026-10-09 06:41:11.924971
https://en.wikipedia.org/wiki/FOIA_Exemption_3_Statutes,https://en.wikipedia.org/wiki/Freedom_of_Information_Act_(United_States),1,2026-10-09 06:41:11.799447,2026-10-09 06:41:11.864088
https://en.wikipedia.org/wiki/FOIA_Oversight_and_Implementation_Act_of_2014,https://en.wikipedia.org/wiki/Freedom_of_Information_Act_(United_States),1,2026-10-09 06:41:11.795645,2026-10-09 06:41:11.818224
https://en.wikipedia.org/wiki/Food_Marketing_Institute_v._Argus_Leader_Media,https://en.wikipedia.org/wiki/Freedom_of_Information_Act_(United_States),1,2026-10-09 06:41:11.794346,2026-10-09 06:41:11.809379
https://en.wikipedia.org/wiki/Food_safety_in_the_United_States,https://en.wikipedia.org/wiki/Freedom_of_Information_Act_(United_States),1,2026-10-09 06:41:11.794886,2026-10-09 06:41:11.811731
https://en.wikipedia.org/wiki/Foreign_Affairs_Manual,https://en.wikipedia.org/wiki/Freedom_of_Information_Act_(United_States),1,2026-10-09 06:41:11.808074,2026-10-09 06:41:11.927532
https://en.wikipedia.org/wiki/Foreign_trade_of_the_United_States,https://en.wikipedia.org/wiki/Freedom_of_Information_Act_(United_States),1,2026-10-09 06:41:11.818225,2026-10-09 06:41:11.983048
https://en.wikipedia.org/wiki/Forsham_v._Harris?action=edit&redlink=1,https://en.wikipedia.org/wiki/Freedom_of_Information_Act_(United_States),1,2026-10-09 06:41:11.813189,2026-10-09 06:41:11.961337
https://en.wikipedia.org/wiki/Freedom_of_information_in_the_United_States,https://en.wikipedia.org/wiki/Freedom_of_Information_Act_(United_States),1,2026-10-09 06:41:11.80033,2026-10-09 06:41:11.871657
https://en.wikipedia.org/wiki/Freedom_of_information_laws_by_country,https://en.wikipedia.org/wiki/Freedom_of_Information_Act_(United_States),1,2026-10-09 06:41:11.833282,2026-10-09 06:41:12.05127
https://en.wikipedia.org/wiki/Freytag_v._Commissioner,https://en.wikipedia.org/wiki/Freedom_of_Information_Act_(United_States),1,2026-10-09 06:41:11.830947,2026-10-09 06:41:12.041563
https://en.wikipedia.org/wiki/Gade_v._National_Solid_Wastes_Management_Ass'n,https://en.wikipedia.org/wiki/Freedom_of_Information_Act_(United_States),1,2026-10-09 06:41:11.828461,2026-10-09 06:41:12.031531
https://en.wikipedia.org/wiki/George_H._W._Bush,https://en.wikipedia.org/wiki/Freedom_of_Information_Act_(United_States),1,2026-10-09 06:41:11.815112,2026-10-09 06:41:11.970381
https://en.wikipedia.org/wiki/George_Washington_University,https://en.wikipedia.org/wiki/Freedom_of_Information_Act_(United_States),1,2026-10-09 06:41:11.795724,2026-10-09 06:41:11.81951
https://en.wikipedia.org/wiki/George_W._Bush,https://en.wikipedia.org/wiki/Freedom_of_Information_Act_(United_States),1,2026-10-09 06:41:11.818987,2026-10-09 06:41:11.986419
https://en.wikipedia.org/wiki/Gerald_R._Ford,https://en.wikipedia.org/wiki/Freedom_of_Information_Act_(United_States),1,2026-10-09 06:41:11.825331,2026-10-09 06:41:12.01598
https://en.wikipedia.org/wiki/Glomar_response,https://en.wikipedia.org/wiki/Freedom_of_Information_Act_(United_States),1,2026-10-09 06:41:11.819678,2026-10-09 06:41:11.992375
https://en.wikipedia.org/wiki/Goldberg_v._Kelly,https://en.wikipedia.org/wiki/Freedom_of_Information_Act_(United_States),1,2026-10-09 06:41:11.810951,2026-10-09 06:41:11.946467
https://en.wikipedia.org/wiki/Government_in_the_Sunshine_Act,https://en.wikipedia.org/wiki/Freedom_of_Information_Act_(United_States),1,2026-10-09 06:41:11.83042,2026-10-09 06:41:12.03913
https://en.wikipedia.org/wiki/Griffin_Bell,https://en.wikipedia.org/wiki/Freedom_of_Information_Act_(United_States),1,2026-10-09 06:41:11.801396,2026-10-09 06:41:11.876384
https://en.wikipedia.org/wiki/Healthcare_in_the_United_States,https://en.wikipedia.org/wiki/Freedom_of_Information_Act_(United_States),1,2026-10-09 06:41:11.833029,2026-10-09 06:41:12.050267
https://en.wikipedia.org/wiki/Heckler_v._Chaney,https://en.wikipedia.org/wiki/Freedom_of_Information_Act_(United_States),1,2026-10-09 06:41:11.826985,2026-10-09 06:41:12.022648
https://en.wikipedia.org/wiki/Humphrey's_Executor_v._United_States,https://en.wikipedia.org/wiki/Freedom_of_Information_Act_(United_States),1,2026-10-09 06:41:11.81125,2026-10-09 06:41:11.947542
https://en.wikipedia.org/wiki/Immigration_and_Naturalization_Service_v._Chadha,https://en.wikipedia.org/wiki/Freedom_of_Information_Act_(United_States),1,2026-10-09 06:41:11.821036,2026-10-09 06:41:11.99805
https://en.wikipedia.org/wiki/Immigration_policy_of_the_United_States,https://en.wikipedia.org/wiki/Freedom_of_Information_Act_(United_States),1,2026-10-09 06:41:11.795087,2026-10-09 06:41:11.814645
https://en.wikipedia.org/wiki/Independent_agencies_of_the_United_States_federal_government,https://en.wikipedia.org/wiki/Freedom_of_Information_Act_(United_States),1,2026-10-09 06:41:11.810813,2026-10-09 06:41:11.945374
https://en.wikipedia.org/wiki/Inspector_General_Act_of_1978,https://en.wikipedia.org/wiki/Freedom_of_Information_Act_(United_States),1,2026-10-09 06:41:11.81585,2026-10-09 06:41:11.973013
https://en.wikipedia.org/wiki/Internal_Revenue_Service,https://en.wikipedia.org/wiki/Freedom_of_Information_Act_(United_States),1,2026-10-09 06:41:11.814981,2026-10-09 06:41:11.969166
https://en.wikipedia.org/wiki/Investment_Advisers_Act_of_1940,https://en.wikipedia.org/wiki/Freedom_of_Information_Act_(United_States),1,2026-10-09 06:41:11.821507,2026-10-09 06:41:11.999477
https://en.wikipedia.org/wiki/Investment_Company_Act_of_1940,https://en.wikipedia.org/wiki/Freedom_of_Information_Act_(United_States),1,2026-10-09 06:41:11.809499,2026-10-09 06:41:11.939602
https://en.wikipedia.org/wiki/Iran–Contra_affair,https://en.wikipedia.org/wiki/Freedom_of_Information_Act_(United_States),1,2026-10-09 06:41:11.82519,2026-10-09 06:41:12.015892
https://en.wikipedia.org/wiki/ISBN_(identifier),https://en.wikipedia.org/wiki/Freedom_of_Information_Act_(United_States),1,2026-10-09 06:41:11.839353,2026-10-09 06:41:12.084947
https://en.wikipedia.org/wiki/Janet_Reno,https://en.wikipedia.org/wiki/Freedom_of_Information_Act_(United_States),1,2026-10-09 06:41:11.836757,2026-10-09 06:41:12.073066
https://en.wikipedia.org/wiki/J._Edgar_Hoover,https://en.wikipedia.org/wiki/Freedom_of_Information_Act_(United_States),1,2026-10-09 06:41:11.797152,2026-10-09 06:41:11.83777
https://en.wikipedia.org/wiki/John_Ashcroft,https://en.wikipedia.org/wiki/Freedom_of_Information_Act_(United_States),1,2026-10-09 06:41:11.832492,2026-10-09 06:41:12.048082
https://en.wikipedia.org/wiki/John_Doe_Agency_v._John_Doe_Corp.?action=edit&redlink=1,https://en.wikipedia.org/wiki/Freedom_of_Information_Act_(United_States),1,2026-10-09 06:41:11.807777,2026-10-09 06:41:11.92632
https://en.wikipedia.org/wiki/John_E._Moss,https://en.wikipedia.org/wiki/Freedom_of_Information_Act_(United_States),1,2026-10-09 06:41:11.807433,2026-10-09 06:41:11.924274
https://en.wikipedia.org/wiki/John_Lennon,https://en.wikipedia.org/wiki/Freedom_of_Information_Act_(United_States),1,2026-10-09 06:41:11.831721,2026-10-09 06:41:12.044742
https://en.wikipedia.org/wiki/Jon_Wiener,https://en.wikipedia.org/wiki/Freedom_of_Information_Act_(United_States),1,2026-10-09 06:41:11.803561,2026-10-09 06:41:11.902422
https://en.wikipedia.org/wiki/JSTOR_(identifier),https://en.wikipedia.org/wiki/Freedom_of_Information_Act_(United_States),1,2026-10-09 06:41:11.805149,2026-10-09 06:41:11.911751
https://en.wikipedia.org/wiki/Justice_Manual,https://en.wikipedia.org/wiki/Freedom_of_Information_Act_(United_States),1,2026-10-09 06:41:11.791984,2026-10-09 06:41:11.796827
https://en.wikipedia.org/wiki/Kisor_v._Wilkie,https://en.wikipedia.org/wiki/Freedom_of_Information_Act_(United_States),1,2026-10-09 06:41:11.796645,2026-10-09 06:41:11.834578
https://en.wikipedia.org/wiki/Kissinger_v._Reporters_Comm._for_Freedom_of_Press?action=edit&redlink=1,https://en.wikipedia.org/wiki/Freedom_of_Information_Act_(United_States),1,2026-10-09 06:41:11.827092,2026-10-09 06:41:12.022702
https://en.wikipedia.org/wiki/Law_Library_Resource_Xchange,https://en.wikipedia.org/wiki/Freedom_of_Information_Act_(United_States),1,2026-10-09 06:41:11.826854,2026-10-09 06:41:12.022629
https://en.wikipedia.org/wiki/Legislative_veto_in_the_United_States,https://en.wikipedia.org/wiki/Freedom_of_Information_Act_(United_States),1,2026-10-09 06:41:11.839074,2026-10-09 06:41:12.083265
"https://en.wikipedia.org/wiki/Lewiston,_Maine",https://en.wikipedia.org/wiki/Freedom_of_Information_Act_(United_States),1,2026-10-09 06:41:11.834648,2026-10-09 06:41:12.05674
https://en.wikipedia.org/wiki/Library_of_Congress,https://en.wikipedia.org/wiki/Freedom_of_Information_Act_(United_States),1,2026-10-09 06:41:11.832901,2026-10-09 06:41:12.050239
https://en.wikipedia.org/wiki/List_of_positions_filled_by_presidential_appointment_with_Senate_confirmation,https://en.wikipedia.org/wiki/Freedom_of_Information_Act_(United_States),1,2026-10-09 06:41:11.814844,2026-10-09 06:41:11.968198
https://en.wikipedia.org/wiki/List_of_United_States_administrative_law_cases,https://en.wikipedia.org/wiki/Freedom_of_Information_Act_(United_States),1,2026-10-09 06:41:11.816921,2026-10-09 06:41:11.978065
"https://en.wikipedia.org/wiki/List_of_United_States_Supreme_Court_cases,_volume_373",https://en.wikipedia.org/wiki/Freedom_of_Information_Act_(United_States),1,2026-10-09 06:41:11.827755,2026-10-09 06:41:12.024937
"https://en.wikipedia.org/wiki/List_of_United_States_Supreme_Court_cases,_volume_415",https://en.wikipedia.org/wiki/Freedom_of_Information_Act_(United_States),1,2026-10-09 06:41:11.792684,2026-10-09 06:41:11.80241
"https://en.wikipedia.org/wiki/List_of_United_States_Supreme_Court_cases,_volume_422",https://en.wikipedia.org/wiki/Freedom_of_Information_Act_(United_States),1,2026-10-09 06:41:11.800475,2026-10-09 06:41:11.871653
"https://en.wikipedia.org/wiki/List_of_United_States_Supreme_Court_cases,_volume_425",https://en.wikipedia.org/wiki/Freedom_of_Information_Act_(United_States),1,2026-10-09 06:41:11.794636,2026-10-09 06:41:11.811298
"https://en.wikipedia.org/wiki/List_of_United_States_Supreme_Court_cases,_volume_437",https://en.wikipedia.org/wiki/Freedom_of_Information_Act_(United_States),1,2026-10-09 06:41:11.83815,2026-10-09 06:41:12.077554
"https://en.wikipedia.org/wiki/List_of_United_States_Supreme_Court_cases,_volume_441",https://en.wikipedia.org/wiki/Freedom_of_Information_Act_(United_States),1,2026-10-09 06:41:11.8348,2026-10-09 06:41:12.056743
"https://en.wikipedia.org/wiki/List_of_United_States_Supreme_Court_cases,_volume_443",https://en.wikipedia.org/wiki/Freedom_of_Information_Act_(United_States),1,2026-10-09 06:41:11.824051,2026-10-09 06:41:12.011631
"https://en.wikipedia.org/wiki/List_of_United_States_Supreme_Court_cases,_volume_445",https://en.wikipedia.org/wiki/Freedom_of_Information_Act_(United_States),1,2026-10-09 06:41:11.811714,2026-10-09 06:41:11.952434
"https://en.wikipedia.org/wiki/List_of_United_States_Supreme_Court_cases,_volume_447",https://en.wikipedia.org/wiki/Freedom_of_Information_Act_(United_States),1,2026-10-09 06:41:11.801988,2026-10-09 06:41:11.882791
"https://en.wikipedia.org/wiki/List_of_United_States_Supreme_Court_cases,_volume_455",https://en.wikipedia.org/wiki/Freedom_of_Information_Act_(United_States),1,2026-10-09 06:41:11.813559,2026-10-09 06:41:11.963652
"https://en.wikipedia.org/wiki/List_of_United_States_Supreme_Court_cases,_volume_456",https://en.wikipedia.org/wiki/Freedom_of_Information_Act_(United_States),1,2026-10-09 06:41:11.806747,2026-10-09 06:41:11.921419
"https://en.wikipedia.org/wiki/List_of_United_States_Supreme_Court_cases,_volume_462",https://en.wikipedia.org/wiki/Freedom_of_Information_Act_(United_States),1,2026-10-09 06:41:11.801122,2026-10-09 06:41:11.875189
"https://en.wikipedia.org/wiki/List_of_United_States_Supreme_Court_cases,_volume_465",https://en.wikipedia.org/wiki/Freedom_of_Information_Act_(United_States),1,2026-10-09 06:41:11.835066,2026-10-09 06:41:12.061878
"https://en.wikipedia.org/wiki/List_of_United_States_Supreme_Court_cases,_volume_469",https://en.wikipedia.org/wiki/Freedom_of_Information_Act_(United_States),1,2026-10-09 06:41:11.808696,2026-10-09 06:41:11.933696
"https://en.wikipedia.org/wiki/List_of_United_States_Supreme_Court_cases,_volume_471",https://en.wikipedia.org/wiki/Freedom_of_Information_Act_(United_States),1,2026-10-09 06:41:11.802613,2026-10-09 06:41:11.887911
"https://en.wikipedia.org/wiki/List_of_United_States_Supreme_Court_cases,_volume_484",https://en.wikipedia.org/wiki/Freedom_of_Information_Act_(United_States),1,2026-10-09 06:41:11.823688,2026-10-09 06:41:12.011578
"https://en.wikipedia.org/wiki/List_of_United_States_Supreme_Court_cases,_volume_486",https://en.wikipedia.org/wiki/Freedom_of_Information_Act_(United_States),1,2026-10-09 06:41:11.803689,2026-10-09 06:41:11.903574
"https://en.wikipedia.org/wiki/List_of_United_States_Supreme_Court_cases,_volume_489",https://en.wikipedia.org/wiki/Freedom_of_Information_Act_(United_States),1,2026-10-09 06:41:11.800079,2026-10-09 06:41:11.867353
"https://en.wikipedia.org/wiki/List_of_United_States_Supreme_Court_cases,_volume_492",https://en.wikipedia.org/wiki/Freedom_of_Information_Act_(United_States),1,2026-10-09 06:41:11.831076,2026-10-09 06:41:12.04157
"https://en.wikipedia.org/wiki/List_of_United_States_Supreme_Court_cases,_volume_493",https://en.wikipedia.org/wiki/Freedom_of_Information_Act_(United_States),1,2026-10-09 06:41:11.814706,2026-10-09 06:41:11.968133
"https://en.wikipedia.org/wiki/List_of_United_States_Supreme_Court_cases,_volume_502",https://en.wikipedia.org/wiki/Freedom_of_Information_Act_(United_States),1,2026-10-09 06:41:11.805689,2026-10-09 06:41:11.915127
"https://en.wikipedia.org/wiki/List_of_United_States_Supreme_Court_cases,_volume_508",https://en.wikipedia.org/wiki/Freedom_of_Information_Act_(United_States),1,2026-10-09 06:41:11.798792,2026-10-09 06:41:11.858084
"https://en.wikipedia.org/wiki/List_of_United_States_Supreme_Court_cases,_volume_510",https://en.wikipedia.org/wiki/Freedom_of_Information_Act_(United_States),1,2026-10-09 06:41:11.811844,2026-10-09 06:41:11.9536
"https://en.wikipedia.org/wiki/List_of_United_States_Supreme_Court_cases,_volume_519",https://en.wikipedia.org/wiki/Freedom_of_Information_Act_(United_States),1,2026-10-09 06:41:11.82638,2026-10-09 06:41:12.020396
"https://en.wikipedia.org/wiki/List_of_United_States_Supreme_Court_cases,_volume_532",https://en.wikipedia.org/wiki/Freedom_of_Information_Act_(United_States),1,2026-10-09 06:41:11.827254,2026-10-09 06:41:12.023755
"https://en.wikipedia.org/wiki/List_of_United_States_Supreme_Court_cases,_volume_541",https://en.wikipedia.org/wiki/Freedom_of_Information_Act_(United_States),1,2026-10-09 06:41:11.809634,2026-10-09 06:41:11.940887
"https://en.wikipedia.org/wiki/List_of_United_States_Supreme_Court_cases,_volume_553",https://en.wikipedia.org/wiki/Freedom_of_Information_Act_(United_States),1,2026-10-09 06:41:11.79383,2026-10-09 06:41:11.806873
"https://en.wikipedia.org/wiki/List_of_United_States_Supreme_Court_cases,_volume_562",https://en.wikipedia.org/wiki/Freedom_of_Information_Act_(United_States),1,2026-10-09 06:41:11.810568,2026-10-09 06:41:11.944304
"https://en.wikipedia.org/wiki/List_of_United_States_Supreme_Court_cases,_volume_563",https://en.wikipedia.org/wiki/Freedom_of_Information_Act_(United_States),1,2026-10-09 06:41:11.839557,2026-10-09 06:41:12.086532
"https://en.wikipedia.org/wiki/List_of_United_States_Supreme_Court_cases,_volume_588",https://en.wikipedia.org/wiki/Freedom_of_Information_Act_(United_States),1,2026-10-09 06:41:11.79932,2026-10-09 06:41:11.864075
"https://en.wikipedia.org/wiki/List_of_United_States_Supreme_Court_cases,_volume_592",https://en.wikipedia.org/wiki/Freedom_of_Information_Act_(United_States),1,2026-10-09 06:41:11.813059,2026-10-09 06:41:11.961281
https://en.wikipedia.org/wiki/LLRX,https://en.wikipedia.org/wiki/Freedom_of_Information_Act_(United_States),1,2026-10-09 06:41:11.801525,2026-10-09 06:41:11.876393
https://en.wikipedia.org/wiki/Logan_v._Zimmerman_Brush_Co.,https://en.wikipedia.org/wiki/Freedom_of_Information_Act_(United_States),1,2026-10-09 06:41:11.832225,2026-10-09 06:41:12.046866
https://en.wikipedia.org/wiki/Londoner_v._City_and_County_of_Denver,https://en.wikipedia.org/wiki/Freedom_of_Information_Act_(United_States),1,2026-10-09 06:41:11.837619,2026-10-09 06:41:12.075346
https://en.wikipedia.org/wiki/Long_title,https://en.wikipedia.org/wiki/Freedom_of_Information_Act_(United_States),1,2026-10-09 06:41:11.796187,2026-10-09 06:41:11.824922
https://en.wikipedia.org/wiki/Loper_Bright_Enterprises_v._Raimondo,https://en.wikipedia.org/wiki/Freedom_of_Information_Act_(United_States),1,2026-10-09 06:41:11.803433,2026-10-09 06:41:11.900838
https://en.wikipedia.org/wiki/L._Patrick_Gray,https://en.wikipedia.org/wiki/Freedom_of_Information_Act_(United_States),1,2026-10-09 06:41:11.814285,2026-10-09 06:41:11.965971
https://en.wikipedia.org/wiki/Lujan_v._Defenders_of_Wildlife,https://en.wikipedia.org/wiki/Freedom_of_Information_Act_(United_States),1,2026-10-09 06:41:11.806106,2026-10-09 06:41:11.919281
https://en.wikipedia.org/wiki/Lyndon_B._Johnson,https://en.wikipedia.org/wiki/Freedom_of_Information_Act_(United_States),1,2026-10-09 06:41:11.796916,2026-10-09 06:41:11.834699
https://en.wikipedia.org/wiki/Major_questions_doctrine,https://en.wikipedia.org/wiki/Freedom_of_Information_Act_(United_States),1,2026-10-09 06:41:11.817696,2026-10-09 06:41:11.981869
https://en.wikipedia.org/wiki/Mariano-Florentino_Cuéllar,https://en.wikipedia.org/wiki/Freedom_of_Information_Act_(United_States),1,2026-10-09 06:41:11.831457,2026-10-09 06:41:12.043656
https://en.wikipedia.org/wiki/Marine_Corps_Intelligence,https://en.wikipedia.org/wiki/Freedom_of_Information_Act_(United_States),1,2026-10-09 06:41:11.809196,2026-10-09 06:41:11.935851
https://en.wikipedia.org/wiki/Mathews_v._Eldridge,https://en.wikipedia.org/wiki/Freedom_of_Information_Act_(United_States),1,2026-10-09 06:41:11.792307,2026-10-09 06:41:11.79695
https://en.wikipedia.org/wiki/Milner_v._Department_of_Navy?action=edit&redlink=1,https://en.wikipedia.org/wiki/Freedom_of_Information_Act_(United_States),1,2026-10-09 06:41:11.819955,2026-10-09 06:41:11.99357
https://en.wikipedia.org/wiki/Missouri,https://en.wikipedia.org/wiki/Freedom_of_Information_Act_(United_States),1,2026-10-09 06:41:11.826531,2026-10-09 06:41:12.020384
https://en.wikipedia.org/wiki/Mosaic_theory_(US_law),https://en.wikipedia.org/wiki/Freedom_of_Information_Act_(United_States),1,2026-10-09 06:41:11.822233,2026-10-09 06:41:12.003535
https://en.wikipedia.org/wiki/Motor_Vehicles_Manufacturers_Ass'n_v._State_Farm_Mutual_Automobile_Insurance_Co.,https://en.wikipedia.org/wiki/Freedom_of_Information_Act_(United_States),1,2026-10-09 06:41:11.818492,2026-10-09 06:41:11.985271
https://en.wikipedia.org/wiki/MuckRock,https://en.wikipedia.org/wiki/Freedom_of_Information_Act_(United_States),1,2026-10-09 06:41:11.828323,2026-10-09 06:41:12.027386
https://en.wikipedia.org/wiki/National_Archives_and_Records_Administration,https://en.wikipedia.org/wiki/Freedom_of_Information_Act_(United_States),1,2026-10-09 06:41:11.812797,2026-10-09 06:41:11.956858
https://en.wikipedia.org/wiki/National_Archives_&_Records_Administration_v._Favish?action=edit&redlink=1,https://en.wikipedia.org/wiki/Freedom_of_Information_Act_(United_States),1,2026-10-09 06:41:11.820595,2026-10-09 06:41:11.995862
https://en.wikipedia.org/wiki/National_Cable_&_Telecommunications_Ass'n_v._Brand_X_Internet_Services,https://en.wikipedia.org/wiki/Freedom_of_Information_Act_(United_States),1,2026-10-09 06:41:11.811095,2026-10-09 06:41:11.946472
https://en.wikipedia.org/wiki/National_Emergencies_Act,https://en.wikipedia.org/wiki/Freedom_of_Information_Act_(United_States),1,2026-10-09 06:41:11.796392,2026-10-09 06:41:11.82614
https://en.wikipedia.org/wiki/National_Environmental_Policy_Act,https://en.wikipedia.org/wiki/Freedom_of_Information_Act_(United_States),1,2026-10-09 06:41:11.808962,2026-10-09 06:41:11.934737
https://en.wikipedia.org/wiki/National_Geospatial‐Intelligence_Agency,https://en.wikipedia.org/wiki/Freedom_of_Information_Act_(United_States),1,2026-10-09 06:41:11.795804,2026-10-09 06:41:11.81954
https://en.wikipedia.org/wiki/National_Labor_Relations_Board,https://en.wikipedia.org/wiki/Freedom_of_Information_Act_(United_States),1,2026-10-09 06:41:11.801251,2026-10-09 06:41:11.876309
https://en.wikipedia.org/wiki/National_Labor_Relations_Board_v._Robbins_Tire_&_Rubber_Co.?action=edit&redlink=1,https://en.wikipedia.org/wiki/Freedom_of_Information_Act_(United_States),1,2026-10-09 06:41:11.818634,2026-10-09 06:41:11.985322
https://en.wikipedia.org/wiki/National_Reconnaissance_Office,https://en.wikipedia.org/wiki/Freedom_of_Information_Act_(United_States),1,2026-10-09 06:41:11.820744,2026-10-09 06:41:11.995868
https://en.wikipedia.org/wiki/National_security,https://en.wikipedia.org/wiki/Freedom_of_Information_Act_(United_States),1,2026-10-09 06:41:11.794985,2026-10-09 06:41:11.813722
https://en.wikipedia.org/wiki/National_Security_Agency,https://en.wikipedia.org/wiki/Freedom_of_Information_Act_(United_States),1,2026-10-09 06:41:11.798935,2026-10-09 06:41:11.858175
https://en.wikipedia.org/wiki/National_Security_Archive,https://en.wikipedia.org/wiki/Freedom_of_Information_Act_(United_States),1,2026-10-09 06:41:11.797778,2026-10-09 06:41:11.845211
https://en.wikipedia.org/wiki/National_Transportation_Safety_Board,https://en.wikipedia.org/wiki/Freedom_of_Information_Act_(United_States),1,2026-10-09 06:41:11.804343,2026-10-09 06:41:11.906142
https://en.wikipedia.org/wiki/Nationwide_injunction,https://en.wikipedia.org/wiki/Freedom_of_Information_Act_(United_States),1,2026-10-09 06:41:11.838931,2026-10-09 06:41:12.083277
https://en.wikipedia.org/wiki/News_agency,https://en.wikipedia.org/wiki/Freedom_of_Information_Act_(United_States),1,2026-10-09 06:41:11.823889,2026-10-09 06:41:12.011566
https://en.wikipedia.org/wiki/NLRB_v._Hearst_Publications,https://en.wikipedia.org/wiki/Freedom_of_Information_Act_(United_States),1,2026-10-09 06:41:11.827909,2026-10-09 06:41:12.026096
https://en.wikipedia.org/wiki/NLRB_v._Noel_Canning,https://en.wikipedia.org/wiki/Freedom_of_Information_Act_(United_States),1,2026-10-09 06:41:11.812119,2026-10-09 06:41:11.954593
https://en.wikipedia.org/wiki/Nondelegation_doctrine,https://en.wikipedia.org/wiki/Freedom_of_Information_Act_(United_States),1,2026-10-09 06:41:11.813428,2026-10-09 06:41:11.962431
https://en.wikipedia.org/wiki/Norton_v._Southern_Utah_Wilderness_Alliance,https://en.wikipedia.org/wiki/Freedom_of_Information_Act_(United_States),1,2026-10-09 06:41:11.800887,2026-10-09 06:41:11.874156
https://en.wikipedia.org/wiki/Notice_of_proposed_rulemaking,https://en.wikipedia.org/wiki/Freedom_of_Information_Act_(United_States),1,2026-10-09 06:41:11.829817,2026-10-09 06:41:12.03709
https://en.wikipedia.org/wiki/Office_of_Information_and_Regulatory_Affairs,https://en.wikipedia.org/wiki/Freedom_of_Information_Act_(United_States),1,2026-10-09 06:41:11.804947,2026-10-09 06:41:11.911676
https://en.wikipedia.org/wiki/Office_of_Intelligence_and_Counterintelligence,https://en.wikipedia.org/wiki/Freedom_of_Information_Act_(United_States),1,2026-10-09 06:41:11.839215,2026-10-09 06:41:12.084887
https://en.wikipedia.org/wiki/Office_of_Legal_Counsel,https://en.wikipedia.org/wiki/Freedom_of_Information_Act_(United_States),1,2026-10-09 06:41:11.793251,2026-10-09 06:41:11.804574
https://en.wikipedia.org/wiki/Office_of_Naval_Intelligence,https://en.wikipedia.org/wiki/Freedom_of_Information_Act_(United_States),1,2026-10-09 06:41:11.822813,2026-10-09 06:41:12.006261
https://en.wikipedia.org/wiki/Office_of_Terrorism_and_Financial_Intelligence,https://en.wikipedia.org/wiki/Freedom_of_Information_Act_(United_States),1,2026-10-09 06:41:11.826689,2026-10-09 06:41:12.021459
https://en.wikipedia.org/wiki/Office_of_the_Comptroller_of_the_Currency,https://en.wikipedia.org/wiki/Freedom_of_Information_Act_(United_States),1,2026-10-09 06:41:11.800993,2026-10-09 06:41:11.874132
https://en.wikipedia.org/wiki/OfficeVision,https://en.wikipedia.org/wiki/Freedom_of_Information_Act_(United_States),1,2026-10-09 06:41:11.829231,2026-10-09 06:41:12.034856
https://en.wikipedia.org/wiki/Omnibus_bill,https://en.wikipedia.org/wiki/Freedom_of_Information_Act_(United_States),1,2026-10-09 06:41:11.821179,2026-10-09 06:41:11.998153
https://en.wikipedia.org/wiki/Organic_statute_(United_States),https://en.wikipedia.org/wiki/Freedom_of_Information_Act_(United_States),1,2026-10-09 06:41:11.811397,2026-10-09 06:41:11.947546
https://en.wikipedia.org/wiki/Paperwork_Reduction_Act,https://en.wikipedia.org/wiki/Freedom_of_Information_Act_(United_States),1,2026-10-09 06:41:11.828059,2026-10-09 06:41:12.02733
https://en.wikipedia.org/wiki/Politico,https://en.wikipedia.org/wiki/Freedom_of_Information_Act_(United_States),1,2026-10-09 06:41:11.793419,2026-10-09 06:41:11.805819
https://en.wikipedia.org/wiki/Polybius_(urban_legend),https://en.wikipedia.org/wiki/Freedom_of_Information_Act_(United_States),1,2026-10-09 06:41:11.834243,2026-10-09 06:41:12.054445
https://en.wikipedia.org/wiki/Postal_Reorganization_Act,https://en.wikipedia.org/wiki/Freedom_of_Information_Act_(United_States),1,2026-10-09 06:41:11.81603,2026-10-09 06:41:11.974169
https://en.wikipedia.org/wiki/Presidential_Records_Act,https://en.wikipedia.org/wiki/Freedom_of_Information_Act_(United_States),1,2026-10-09 06:41:11.815594,2026-10-09 06:41:11.972984
https://en.wikipedia.org/wiki/President_of_the_United_States,https://en.wikipedia.org/wiki/Freedom_of_Information_Act_(United_States),1,2026-10-09 06:41:11.816548,2026-10-09 06:41:11.97665
https://en.wikipedia.org/wiki/Privacy_Act_of_1974,https://en.wikipedia.org/wiki/Freedom_of_Information_Act_(United_States),1,2026-10-09 06:41:11.829393,2026-10-09 06:41:12.034924
https://en.wikipedia.org/wiki/Redaction,https://en.wikipedia.org/wiki/Freedom_of_Information_Act_(United_States),1,2026-10-09 06:41:11.793118,2026-10-09 06:41:11.803268
https://en.wikipedia.org/wiki/Regulations.gov,https://en.wikipedia.org/wiki/Freedom_of_Information_Act_(United_States),1,2026-10-09 06:41:11.801654,2026-10-09 06:41:11.877396
https://en.wikipedia.org/wiki/Regulatory_Flexibility_Act,https://en.wikipedia.org/wiki/Freedom_of_Information_Act_(United_States),1,2026-10-09 06:41:11.834381,2026-10-09 06:41:12.055488
https://en.wikipedia.org/wiki/Renegotiation_Board_v._Bannercraft_Clothing_Co.?action=edit&redlink=1,https://en.wikipedia.org/wiki/Freedom_of_Information_Act_(United_States),1,2026-10-09 06:41:11.818073,2026-10-09 06:41:11.982957
https://en.wikipedia.org/wiki/Reporters_Committee_for_Freedom_of_the_Press,https://en.wikipedia.org/wiki/Freedom_of_Information_Act_(United_States),1,2026-10-09 06:41:11.821787,2026-10-09 06:41:12.000671
https://en.wikipedia.org/wiki/Richardson_v._Perales,https://en.wikipedia.org/wiki/Freedom_of_Information_Act_(United_States),1,2026-10-09 06:41:11.798532,2026-10-09 06:41:11.852927
https://en.wikipedia.org/wiki/Ripeness,https://en.wikipedia.org/wiki/Freedom_of_Information_Act_(United_States),1,2026-10-09 06:41:11.833442,2026-10-09 06:41:12.052364
https://en.wikipedia.org/wiki/Ronald_Reagan,https://en.wikipedia.org/wiki/Freedom_of_Information_Act_(United_States),1,2026-10-09 06:41:11.820092,2026-10-09 06:41:11.993628
https://en.wikipedia.org/wiki/Rulemaking,https://en.wikipedia.org/wiki/Freedom_of_Information_Act_(United_States),1,2026-10-09 06:41:11.825798,2026-10-09 06:41:12.018078
https://en.wikipedia.org/wiki/S2CID_(identifier),https://en.wikipedia.org/wiki/Freedom_of_Information_Act_(United_States),1,2026-10-09 06:41:11.806909,2026-10-09 06:41:11.9227
https://en.wikipedia.org/wiki/Sandra_Day_O'Connor,https://en.wikipedia.org/wiki/Freedom_of_Information_Act_(United_States),1,2026-10-09 06:41:11.792498,2026-10-09 06:41:11.801341
https://en.wikipedia.org/wiki/Schindler_Elevator_Corp._v._United_States_ex_rel._Kirk,https://en.wikipedia.org/wiki/Freedom_of_Information_Act_(United_States),1,2026-10-09 06:41:11.799699,2026-10-09 06:41:11.86629
https://en.wikipedia.org/wiki/Securities_and_Exchange_Commission,https://en.wikipedia.org/wiki/Freedom_of_Information_Act_(United_States),1,2026-10-09 06:41:11.792841,2026-10-09 06:41:11.802442
https://en.wikipedia.org/wiki/Securities_Exchange_Act_of_1934,https://en.wikipedia.org/wiki/Freedom_of_Information_Act_(United_States),1,2026-10-09 06:41:11.81011,2026-10-09 06:41:11.943143
https://en.wikipedia.org/wiki/Seila_Law_LLC_v._Consumer_Financial_Protection_Bureau,https://en.wikipedia.org/wiki/Freedom_of_Information_Act_(United_States),1,2026-10-09 06:41:11.810266,2026-10-09 06:41:11.943134
https://en.wikipedia.org/wiki/Skidmore_v._Swift_&_Co.,https://en.wikipedia.org/wiki/Freedom_of_Information_Act_(United_States),1,2026-10-09 06:41:11.804089,2026-10-09 06:41:11.904767
https://en.wikipedia.org/wiki/Social_Security_Administration,https://en.wikipedia.org/wiki/Freedom_of_Information_Act_(United_States),1,2026-10-09 06:41:11.822508,2026-10-09 06:41:12.003596
https://en.wikipedia.org/wiki/Social_Security_(United_States),https://en.wikipedia.org/wiki/Freedom_of_Information_Act_(United_States),1,2026-10-09 06:41:11.794488,2026-10-09 06:41:11.811159
https://en.wikipedia.org/wiki/Standing_(law),https://en.wikipedia.org/wiki/Freedom_of_Information_Act_(United_States),1,2026-10-09 06:41:11.835319,2026-10-09 06:41:12.061897
https://en.wikipedia.org/wiki/Statutory_interpretation,https://en.wikipedia.org/wiki/Freedom_of_Information_Act_(United_States),1,2026-10-09 06:41:11.831846,2026-10-09 06:41:12.045822
https://en.wikipedia.org/wiki/Supreme_Court_of_the_United_States,https://en.wikipedia.org/wiki/Freedom_of_Information_Act_(United_States),1,2026-10-09 06:41:11.830682,2026-10-09 06:41:12.040198
https://en.wikipedia.org/wiki/Surface_Transportation_Board,https://en.wikipedia.org/wiki/Freedom_of_Information_Act_(United_States),1,2026-10-09 06:41:11.830115,2026-10-09 06:41:12.037987
https://en.wikipedia.org/wiki/Taxation_in_the_United_States,https://en.wikipedia.org/wiki/Freedom_of_Information_Act_(United_States),1,2026-10-09 06:41:11.814074,2026-10-09 06:41:11.965851
https://en.wikipedia.org/wiki/Taylor_v._Sturgell,https://en.wikipedia.org/wiki/Freedom_of_Information_Act_(United_States),1,2026-10-09 06:41:11.798156,2026-10-09 06:41:11.847769
https://en.wikipedia.org/wiki/Template_talk:United_States_administrative_law_navbox,https://en.wikipedia.org/wiki/Freedom_of_Information_Act_(United_States),1,2026-10-09 06:41:11.83235,2026-10-09 06:41:12.048045
https://en.wikipedia.org/wiki/Template_talk:United_States_administrative_law_sidebar,https://en.wikipedia.org/wiki/Freedom_of_Information_Act_(United_States),1,2026-10-09 06:41:11.835192,2026-10-09 06:41:12.061906
https://en.wikipedia.org/wiki/The_Library_of_Congress,https://en.wikipedia.org/wiki/Freedom_of_Information_Act_(United_States),1,2026-10-09 06:41:11.836112,2026-10-09 06:41:12.066285
https://en.wikipedia.org/wiki/THOMAS,https://en.wikipedia.org/wiki/Freedom_of_Information_Act_(United_States),1,2026-10-09 06:41:11.815721,2026-10-09 06:41:11.972968
https://en.wikipedia.org/wiki/Title_39_of_the_United_States_Code,https://en.wikipedia.org/wiki/Freedom_of_Information_Act_(United_States),1,2026-10-09 06:41:11.812928,2026-10-09 06:41:11.960259
https://en.wikipedia.org/wiki/Title_50_of_the_United_States_Code,https://en.wikipedia.org/wiki/Freedom_of_Information_Act_(United_States),1,2026-10-09 06:41:11.820892,2026-10-09 06:41:11.996944
https://en.wikipedia.org/wiki/Title_5_of_the_United_States_Code,https://en.wikipedia.org/wiki/Freedom_of_Information_Act_(United_States),1,2026-10-09 06:41:11.815348,2026-10-09 06:41:11.970439
https://en.wikipedia.org/wiki/Trade_secret,https://en.wikipedia.org/wiki/Freedom_of_Information_Act_(United_States),1,2026-10-09 06:41:11.799193,2026-10-09 06:41:11.864009
https://en.wikipedia.org/wiki/Transportation_policy_of_the_United_States,https://en.wikipedia.org/wiki/Freedom_of_Information_Act_(United_States),1,2026-10-09 06:41:11.828191,2026-10-09 06:41:12.027338
https://en.wikipedia.org/wiki/Truman_Library,https://en.wikipedia.org/wiki/Freedom_of_Information_Act_(United_States),1,2026-10-09 06:41:11.800754,2026-10-09 06:41:11.874092
https://en.wikipedia.org/wiki/Twenty-Fifth_Air_Force,https://en.wikipedia.org/wiki/Freedom_of_Information_Act_(United_States),1,2026-10-09 06:41:11.803962,2026-10-09 06:41:11.903685
https://en.wikipedia.org/wiki/Unfunded_Mandates_Reform_Act_of_1995,https://en.wikipedia.org/wiki/Freedom_of_Information_Act_(United_States),1,2026-10-09 06:41:11.804745,2026-10-09 06:41:11.907454
https://en.wikipedia.org/wiki/Unitary_executive_theory,https://en.wikipedia.org/wiki/Freedom_of_Information_Act_(United_States),1,2026-10-09 06:41:11.812525,2026-10-09 06:41:11.956037
https://en.wikipedia.org/wiki/United_States_administrative_law,https://en.wikipedia.org/wiki/Freedom_of_Information_Act_(United_States),1,2026-10-09 06:41:11.837256,2026-10-09 06:41:12.07422
https://en.wikipedia.org/wiki/United_States_antitrust_law,https://en.wikipedia.org/wiki/Freedom_of_Information_Act_(United_States),1,2026-10-09 06:41:11.819817,2026-10-09 06:41:11.993519
https://en.wikipedia.org/wiki/United_States_Attorney_General,https://en.wikipedia.org/wiki/Freedom_of_Information_Act_(United_States),1,2026-10-09 06:41:11.829953,2026-10-09 06:41:12.037085
https://en.wikipedia.org/wiki/United_States_Code,https://en.wikipedia.org/wiki/Freedom_of_Information_Act_(United_States),1,2026-10-09 06:41:11.820432,2026-10-09 06:41:11.9959
https://en.wikipedia.org/wiki/United_States_Commodity_Futures_Trading_Commission,https://en.wikipedia.org/wiki/Freedom_of_Information_Act_(United_States),1,2026-10-09 06:41:11.824214,2026-10-09 06:41:12.01259
https://en.wikipedia.org/wiki/United_States_Congress,https://en.wikipedia.org/wiki/Freedom_of_Information_Act_(United_States),1,2026-10-09 06:41:11.797281,2026-10-09 06:41:11.83773
https://en.wikipedia.org/wiki/United_States_congressional_hearing,https://en.wikipedia.org/wiki/Freedom_of_Information_Act_(United_States),1,2026-10-09 06:41:11.816683,2026-10-09 06:41:11.977995
https://en.wikipedia.org/wiki/United_States_Court_of_Appeals_for_the_District_of_Columbia_Circuit,https://en.wikipedia.org/wiki/Freedom_of_Information_Act_(United_States),1,2026-10-09 06:41:11.815478,2026-10-09 06:41:11.971707
https://en.wikipedia.org/wiki/United_States_Department_of_Agriculture,https://en.wikipedia.org/wiki/Freedom_of_Information_Act_(United_States),1,2026-10-09 06:41:11.822658,2026-10-09 06:41:12.005105
https://en.wikipedia.org/wiki/United_States_Department_of_Commerce,https://en.wikipedia.org/wiki/Freedom_of_Information_Act_(United_States),1,2026-10-09 06:41:11.805825,2026-10-09 06:41:11.915172
https://en.wikipedia.org/wiki/United_States_Department_of_Defense,https://en.wikipedia.org/wiki/Freedom_of_Information_Act_(United_States),1,2026-10-09 06:41:11.829687,2026-10-09 06:41:12.037024
https://en.wikipedia.org/wiki/United_States_Department_of_Defense_v._Federal_Labor_Relations_Authority?action=edit&redlink=1,https://en.wikipedia.org/wiki/Freedom_of_Information_Act_(United_States),1,2026-10-09 06:41:11.816287,2026-10-09 06:41:11.975446
https://en.wikipedia.org/wiki/United_States_Department_of_Energy,https://en.wikipedia.org/wiki/Freedom_of_Information_Act_(United_States),1,2026-10-09 06:41:11.82336,2026-10-09 06:41:12.006262
https://en.wikipedia.org/wiki/United_States_Department_of_Health_and_Human_Services,https://en.wikipedia.org/wiki/Freedom_of_Information_Act_(United_States),1,2026-10-09 06:41:11.813945,2026-10-09 06:41:11.964725
https://en.wikipedia.org/wiki/United_States_Department_of_Homeland_Security,https://en.wikipedia.org/wiki/Freedom_of_Information_Act_(United_States),1,2026-10-09 06:41:11.795998,2026-10-09 06:41:11.820601
https://en.wikipedia.org/wiki/United_States_Department_of_Justice_v._Tax_Analysts?action=edit&redlink=1,https://en.wikipedia.org/wiki/Freedom_of_Information_Act_(United_States),1,2026-10-09 06:41:11.830282,2026-10-09 06:41:12.039132
https://en.wikipedia.org/wiki/United_States_Department_of_Labor,https://en.wikipedia.org/wiki/Freedom_of_Information_Act_(United_States),1,2026-10-09 06:41:11.821952,2026-10-09 06:41:12.000671
https://en.wikipedia.org/wiki/United_States_Department_of_State_v._Ray?action=edit&redlink=1,https://en.wikipedia.org/wiki/Freedom_of_Information_Act_(United_States),1,2026-10-09 06:41:11.835548,2026-10-09 06:41:12.064062
https://en.wikipedia.org/wiki/United_States_Department_of_State_v._Washington_Post_Co.?action=edit&redlink=1,https://en.wikipedia.org/wiki/Freedom_of_Information_Act_(United_States),1,2026-10-09 06:41:11.818777,2026-10-09 06:41:11.985336
https://en.wikipedia.org/wiki/United_States_Department_of_the_Treasury,https://en.wikipedia.org/wiki/Freedom_of_Information_Act_(United_States),1,2026-10-09 06:41:11.832773,2026-10-09 06:41:12.049112
https://en.wikipedia.org/wiki/United_States_Department_of_Veterans_Affairs,https://en.wikipedia.org/wiki/Freedom_of_Information_Act_(United_States),1,2026-10-09 06:41:11.821648,2026-10-09 06:41:12.000607
https://en.wikipedia.org/wiki/United_States_District_Court_for_the_District_of_Columbia,https://en.wikipedia.org/wiki/Freedom_of_Information_Act_(United_States),1,2026-10-09 06:41:11.828977,2026-10-09 06:41:12.033664
https://en.wikipedia.org/wiki/United_States_energy_law,https://en.wikipedia.org/wiki/Freedom_of_Information_Act_(United_States),1,2026-10-09 06:41:11.824878,2026-10-09 06:41:12.014739
https://en.wikipedia.org/wiki/United_States_environmental_law,https://en.wikipedia.org/wiki/Freedom_of_Information_Act_(United_States),1,2026-10-09 06:41:11.813688,2026-10-09 06:41:11.963681
https://en.wikipedia.org/wiki/United_States_Environmental_Protection_Agency,https://en.wikipedia.org/wiki/Freedom_of_Information_Act_(United_States),1,2026-10-09 06:41:11.813817,2026-10-09 06:41:11.96371
https://en.wikipedia.org/wiki/United_States_Fish_and_Wildlife_Service,https://en.wikipedia.org/wiki/Freedom_of_Information_Act_(United_States),1,2026-10-09 06:41:11.802791,2026-10-09 06:41:11.887921
https://en.wikipedia.org/wiki/United_States_Fish_and_Wildlife_Service_v._Sierra_Club,https://en.wikipedia.org/wiki/Freedom_of_Information_Act_(United_States),1,2026-10-09 06:41:11.831205,2026-10-09 06:41:12.042622
https://en.wikipedia.org/wiki/United_States_House_Committee_on_Oversight_and_Government_Reform,https://en.wikipedia.org/wiki/Freedom_of_Information_Act_(United_States),1,2026-10-09 06:41:11.795897,2026-10-09 06:41:11.819601
https://en.wikipedia.org/wiki/United_States_House_of_Representatives,https://en.wikipedia.org/wiki/Freedom_of_Information_Act_(United_States),1,2026-10-09 06:41:11.823163,2026-10-09 06:41:12.006294
https://en.wikipedia.org/wiki/United_States_International_Trade_Commission,https://en.wikipedia.org/wiki/Freedom_of_Information_Act_(United_States),1,2026-10-09 06:41:11.82237,2026-10-09 06:41:12.003562
https://en.wikipedia.org/wiki/United_States_labor_law,https://en.wikipedia.org/wiki/Freedom_of_Information_Act_(United_States),1,2026-10-09 06:41:11.82505,2026-10-09 06:41:12.015944
https://en.wikipedia.org/wiki/United_States_Patent_and_Trademark_Office,https://en.wikipedia.org/wiki/Freedom_of_Information_Act_(United_States),1,2026-10-09 06:41:11.803816,2026-10-09 06:41:11.903627
https://en.wikipedia.org/wiki/United_States_patent_law,https://en.wikipedia.org/wiki/Freedom_of_Information_Act_(United_States),1,2026-10-09 06:41:11.808519,2026-10-09 06:41:11.933682
https://en.wikipedia.org/wiki/United_States_Reports,https://en.wikipedia.org/wiki/Freedom_of_Information_Act_(United_States),1,2026-10-09 06:41:11.796518,2026-10-09 06:41:11.827351
https://en.wikipedia.org/wiki/United_States_Securities_and_Exchange_Commission,https://en.wikipedia.org/wiki/Freedom_of_Information_Act_(United_States),1,2026-10-09 06:41:11.830551,2026-10-09 06:41:12.039185
https://en.wikipedia.org/wiki/United_States_securities_regulation,https://en.wikipedia.org/wiki/Freedom_of_Information_Act_(United_States),1,2026-10-09 06:41:11.808363,2026-10-09 06:41:11.932531
https://en.wikipedia.org/wiki/United_States_Senate,https://en.wikipedia.org/wiki/Freedom_of_Information_Act_(United_States),1,2026-10-09 06:41:11.813292,2026-10-09 06:41:11.961448
https://en.wikipedia.org/wiki/United_States_Senate_Committee_on_the_Judiciary,https://en.wikipedia.org/wiki/Freedom_of_Information_Act_(United_States),1,2026-10-09 06:41:11.817228,2026-10-09 06:41:11.980795
https://en.wikipedia.org/wiki/United_States_Statutes_at_Large,https://en.wikipedia.org/wiki/Freedom_of_Information_Act_(United_States),1,2026-10-09 06:41:11.794218,2026-10-09 06:41:11.808207
https://en.wikipedia.org/wiki/United_States_Supreme_Court,https://en.wikipedia.org/wiki/Freedom_of_Information_Act_(United_States),1,2026-10-09 06:41:11.834527,2026-10-09 06:41:12.056796
https://en.wikipedia.org/wiki/United_States_Tax_Court,https://en.wikipedia.org/wiki/Freedom_of_Information_Act_(United_States),1,2026-10-09 06:41:11.805972,2026-10-09 06:41:11.915187
https://en.wikipedia.org/wiki/United_States_trademark_law,https://en.wikipedia.org/wiki/Freedom_of_Information_Act_(United_States),1,2026-10-09 06:41:11.795169,2026-10-09 06:41:11.814766
https://en.wikipedia.org/wiki/United_States_v._Florida_East_Coast_Railway_Co.,https://en.wikipedia.org/wiki/Freedom_of_Information_Act_(United_States),1,2026-10-09 06:41:11.814426,2026-10-09 06:41:11.966964
https://en.wikipedia.org/wiki/United_States_v._Mead_Corp.,https://en.wikipedia.org/wiki/Freedom_of_Information_Act_(United_States),1,2026-10-09 06:41:11.797525,2026-10-09 06:41:11.843501
https://en.wikipedia.org/wiki/United_States_v._Weber_Aircraft_Corp.?action=edit&redlink=1,https://en.wikipedia.org/wiki/Freedom_of_Information_Act_(United_States),1,2026-10-09 06:41:11.795249,2026-10-09 06:41:11.814905
https://en.wikipedia.org/wiki/Universal_Camera_Corp._v._NLRB,https://en.wikipedia.org/wiki/Freedom_of_Information_Act_(United_States),1,2026-10-09 06:41:11.791718,2026-10-09 06:41:11.792465
https://en.wikipedia.org/wiki/U.S._Consumer_Product_Safety_Commission,https://en.wikipedia.org/wiki/Freedom_of_Information_Act_(United_States),1,2026-10-09 06:41:11.803303,2026-10-09 06:41:11.900911
https://en.wikipedia.org/wiki/U.S._Court_of_Appeals,https://en.wikipedia.org/wiki/Freedom_of_Information_Act_(United_States),1,2026-10-09 06:41:11.821334,2026-10-09 06:41:11.998193
https://en.wikipedia.org/wiki/U.S._Department_of_Justice,https://en.wikipedia.org/wiki/Freedom_of_Information_Act_(United_States),1,2026-10-09 06:41:11.81616,2026-10-09 06:41:11.975398
https://en.wikipedia.org/wiki/U.S._government,https://en.wikipedia.org/wiki/Freedom_of_Information_Act_(United_States),1,2026-10-09 06:41:11.79409,2026-10-09 06:41:11.808249
https://en.wikipedia.org/wiki/U.S._House_of_Representatives,https://en.wikipedia.org/wiki/Freedom_of_Information_Act_(United_States),1,2026-10-09 06:41:11.797048,2026-10-09 06:41:11.836239
https://en.wikipedia.org/wiki/U.S._National_Archives_and_Records_Administration,https://en.wikipedia.org/wiki/Freedom_of_Information_Act_(United_States),1,2026-10-09 06:41:11.79608,2026-10-09 06:41:11.824924
https://en.wikipedia.org/wiki/U.S._Postal_Service,https://en.wikipedia.org/wiki/Freedom_of_Information_Act_(United_States),1,2026-10-09 06:41:11.802436,2026-10-09 06:41:11.887924
https://en.wikipedia.org/wiki/U.S._Securities_and_Exchange_Commission,https://en.wikipedia.org/wiki/Freedom_of_Information_Act_(United_States),1,2026-10-09 06:41:11.822095,2026-10-09 06:41:12.001789
"https://en.wikipedia.org/wiki/Vermont_Yankee_Nuclear_Power_Corp._v._Natural_Resources_Defense_Council,_Inc.",https://en.wikipedia.org/wiki/Freedom_of_Information_Act_(United_States),1,2026-10-09 06:41:11.826243,2026-10-09 06:41:12.02037
https://en.wikipedia.org/wiki/Watergate_scandal,https://en.wikipedia.org/wiki/Freedom_of_Information_Act_(United_States),1,2026-10-09 06:41:11.797903,2026-10-09 06:41:11.845274
https://en.wikipedia.org/wiki/Wayback_Machine,https://en.wikipedia.org/wiki/Freedom_of_Information_Act_(United_States),1,2026-10-09 06:41:11.795329,2026-10-09 06:41:11.815887
https://en.wikipedia.org/wiki/Webster_v._Doe,https://en.wikipedia.org/wiki/Freedom_of_Information_Act_(United_States),1,2026-10-09 06:41:11.802158,2026-10-09 06:41:11.882832
https://en.wikipedia.org/wiki/West_Virginia_v._EPA,https://en.wikipedia.org/wiki/Freedom_of_Information_Act_(United_States),1,2026-10-09 06:41:11.825651,2026-10-09 06:41:12.018105
https://en.wikipedia.org/wiki/White_House,https://en.wikipedia.org/wiki/Freedom_of_Information_Act_(United_States),1,2026-10-09 06:41:11.833837,2026-10-09 06:41:12.053294
https://en.wikipedia.org/wiki/White_House_Chief_of_Staff,https://en.wikipedia.org/wiki/Freedom_of_Information_Act_(United_States),1,2026-10-09 06:41:11.829105,2026-10-09 06:41:12.034845
"https://en.wikipedia.org/wiki/Whitman_v._American_Trucking_Ass'ns,_Inc.",https://en.wikipedia.org/wiki/Freedom_of_Information_Act_(United_States),1,2026-10-09 06:41:11.802296,2026-10-09 06:41:11.886353
https://en.wikipedia.org/wiki/Wikisource,https://en.wikipedia.org/wiki/Freedom_of_Information_Act_(United_States),1,2026-10-09 06:41:11.838778,2026-10-09 06:41:12.081889
https://en.wikipedia.org/wiki/William_French_Smith,https://en.wikipedia.org/wiki/Freedom_of_Information_Act_(United_States),1,2026-10-09 06:41:11.812395,2026-10-09 06:41:11.956046
https://en.wikipedia.org/wiki/Writ_of_certiorari,https://en.wikipedia.org/wiki/Freedom_of_Information_Act_(United_States),1,2026-10-09 06:41:11.800205,2026-10-09 06:41:11.871611
